Nazwa towaru;Iloœæ sprzedana;
RutinoMAX tabl. 150tabl.;1,000
Magnez + Potas + B6 BIOLANE 60kaps.;1,000
Witamina D3 + olej z krokosza 60kaps;1,000
Witamina D+ K kaps. BIOLANE30kaps.;1,000
RaphaControl kaps. 30 kaps.;1,000
Magnez + B6 + D 2000 IU kaps. 30kaps.;1,000
Syliveran 30 kaps.;1,000
Elektrolity Biolane Tabletki musuj¹ce o sm;1,000
Collagen Biolane Max 60kaps.;1,000
MegaSen kaps.elast. 10 kaps.;1,000
Tymianek i Podbia³ plus 20 zió³ 24past.;1,000
Bactiflor LGG Baby krople BIOLANE 10ml;1,000
Woda morska spray d/nosa BIOLANE 30ml;1,000
Maxigra Go tabl.dorozgr.i¿ucia 0,025g 4tab;2,000
Probiomix kaps. 20 kaps.;1,000
WitaC Complex 1000 mg kaps. 60 kaps.;1,000
Bactiflor LGG Baby krople BIOLANE 10ml;1,000
MegaSen kaps.elast. 10 kaps.;1,000
Biotran + wit D3 kaps. 60 kaps.;1,000
Woda morska spray d/nosa BIOLANE 30ml;1,000
MegaSen kaps.elast. 10 kaps.;1,000
Traviron 30kaps.;1,000
Maxigra Go tabl.dorozgr.i¿ucia 0,025g 4tab;1,000
Magnez + Potas + B6 BIOLANE 60kaps.;1,000
Tymianek i Podbia³ plus 20 zió³ 24past.;1,000
Esseliveran kaps. 60 kaps.;1,000
Bactiflor LGG Baby krople BIOLANE 10ml;1,000
Porost Islandzki pastyl.do ssania ;1,000
Elektrolity Biolane Tabletki musuj¹ce o sm;1,000
Syliveran 30 kaps.;1,000
Syliveran 30 kaps.;1,000
RutinoMAX tabl. 150tabl.;1,000
Voltaren MAX ¿el 0,0232 g/g 100g;1,000
Ginseng + Ashwagandha BIOLANE 30kaps.;1,000
Witaminy i minera³y Biolane 60+15kaps.;1,000
Witamina C500 + D2000 10kaps;2,000
Magnez + Potas + B6 BIOLANE 60kaps.;1,000
Syliveran 30 kaps.;1,000
Voltaren MAX ¿el 0,0232 g/g 100g;1,000
Magnez + Potas + B6 BIOLANE 60kaps.;1,000
Porost Islandzki pastyl.do ssania ;1,000
Probiomix kaps. 20 kaps.;1,000
Maxigra Go tabl.dorozgr.i¿ucia 0,025g 4tab;1,000
Probiomix kaps. 20 kaps.;1,000
Maxigra Go tabl.dorozgr.i¿ucia 0,025g 4tab;1,000
Witamina D3 + olej z krokosza 60kaps;2,000
Voltaren MAX ¿el 0,0232 g/g  50g;1,000
Maxigra Go tabl.dorozgr.i¿ucia 0,025g 4tab;1,000
Maxigra Go tabl.dorozgr.i¿ucia 0,025g 4tab;1,000
Osteomix kaps. 30 kaps.;1,000
Magnez + Potas + B6 BIOLANE 60kaps.;1,000
Probiomix kaps. 20 kaps.;1,000
Entero Protectin kaps. 20 kaps.;1,000
RutinoMAX tabl. 150tabl.;1,000
Syliveran 30 kaps.;1,000
MegaSen kaps.elast. 10 kaps.;1,000
Voltaren MAX ¿el 0,0232 g/g 100g;1,000
SyliveranExtra kaps. 30 kaps.;1,000
Voltaren MAX ¿el 0,0232 g/g 100g;1,000
Porost Islandzki pastyl.do ssania ;1,000
Witamina D3 + olej z krokosza 60kaps;1,000
Witamina B Complex Worldpharm 30kaps.;1,000
Czosnek kaps. BIOLANE 30kaps.;1,000
Witamina A+E kaps. WorldPharm 30kaps.;1,000
Syliveran 30 kaps.;1,000
Witamina D2000 BIOLANE 30kaps.(+15kaps.);1,000
Entero Protectin kaps. 20 kaps.;1,000
MegaSleep kaps. 30kaps.;1,000
Magnez + B6 * BIOLANE tabl. 60tabl.;1,000
Witamina C500 + D2000 10kaps;1,000
Beauty Maximizer kaps. 30 kaps.;1,000
Syliveran 30 kaps.;1,000
Magnez + B6 + D 2000 IU kaps. 30kaps.;1,000
Gard³o Kaszel 24pastylki zio³owe do ssania;1,000
Syliveran 30 kaps.;1,000
Probiomix kaps. 20 kaps.;1,000
Magnez + Potas + B6 BIOLANE 60kaps.;1,000
Esseliveran kaps. 60 kaps.;1,000
Esseliveran kaps. 60 kaps.;2,000
Magnez + B6 * BIOLANE tabl. 60tabl.;1,000
Traviron 30kaps.;1,000
Probiomix kaps. 20 kaps.;1,000
Magnez + Potas + B6 BIOLANE 60kaps.;1,000
Spray do higieny uszu Biolane 30 ml;1,000
Venomix kaps. 30 kaps.;1,000
RutinoMAX tabl. 150tabl.;1,000
ZatoMax 30kaps.;1,000
Magnez + B6 * BIOLANE tabl. 60tabl.;2,000
Maxigra Go tabl.dorozgr.i¿ucia 0,025g 4tab;1,000
Probiotol kaps. 20 kaps.;1,000
Witamina C500 + D2000 10kaps;1,000
Witaminy i minera³y Biolane 60+15kaps.;1,000
Venomix kaps. 30 kaps.;2,000
Witamina C500 + D2000 10kaps;1,000
Esseliveran kaps. 60 kaps.;1,000
Gard³o Kaszel 24pastylki zio³owe do ssania;1,000
MegaSen kaps.elast. 10 kaps.;1,000
Antystresan kaps. 30 kaps.;1,000
Traviron 30kaps.;1,000
Witamina A+E kaps. WorldPharm 30kaps.;1,000
Witamina B Complex Worldpharm 30kaps.;1,000
Witamina A+E kaps. WorldPharm 30kaps.;1,000
Esseliveran kaps. 60 kaps.;1,000
Magnez + Potas + B6 BIOLANE 60kaps.;1,000
Magnez + Potas + B6 BIOLANE 60kaps.;1,000
Maxigra Go tabl.dorozgr.i¿ucia 0,025g 4tab;1,000
Magnez + Potas + B6 BIOLANE 60kaps.;1,000
MegaSleep kaps. 30kaps.;1,000
Magnez + B6 * BIOLANE tabl. 60tabl.;1,000
Cynk + Selen kaps. BIOLANE 30kaps.;1,000
Witamina C500 + D2000 10kaps;1,000
Witamina C500 + D2000 10kaps;1,000
Magnez + Potas + B6 BIOLANE 60kaps.;1,000
Probiomix kaps. 20 kaps.;1,000
Magnez + B6 * BIOLANE tabl. 60tabl.;1,000
Omega  D+K kaps. BIOLANE 30 kaps.;1,000
Spray do higieny uszu Biolane 30 ml;1,000
Voltaren MAX ¿el 0,0232 g/g 100g;1,000
RutinoMAX tabl. 150tabl.;1,000
WitaC Complex 1000 mg kaps. 60 kaps.;1,000
Witamina D3 + olej z krokosza 60kaps;1,000
Magnez + B6 * BIOLANE tabl. 60tabl.;1,000
RutinoMAX tabl. 150tabl.;1,000
RutinoMAX tabl. 150tabl.;1,000
Probiomix kaps. 20 kaps.;1,000
RutinoMAX tabl. 150tabl.;1,000
Witamina D3 + olej z krokosza 60kaps;1,000
WitaC Complex 1000 mg kaps. 60 kaps.;1,000
Traviron 30kaps.;1,000
WitaC Complex 1000 mg kaps. 60 kaps.;2,000
Elektrolity Biolane Tabletki musuj¹ce o sm;1,000
Elektrolity Biolane Tabletki musuj¹ce o sm;1,000
Esseliveran kaps. 60 kaps.;1,000
Magnez + Potas + B6 BIOLANE 60kaps.;1,000
Probiomix kaps. 20 kaps.;1,000
Witamina C500 + D2000 10kaps;2,000
Witamina C500 + D2000 10kaps;2,000
Witaminy i minera³y Biolane 60+15kaps.;1,000
Maxigra Go tabl.dorozgr.i¿ucia 0,025g 4tab;1,000
Maxigra Go tabl.dorozgr.i¿ucia 0,025g 4tab;1,000
Porost Islandzki pastyl.do ssania ;1,000
Magnez + Potas + B6 BIOLANE 60kaps.;1,000
Probiomix kaps. 20 kaps.;1,000
Elektrolity Biolane Tabletki musuj¹ce o sm;1,000
RutinoMAX tabl. 150tabl.;1,000
Venomix kaps. 30 kaps.;1,000
Witamina D3 + olej z krokosza 60kaps;1,000
WitaC Complex 1000 mg kaps. 60 kaps.;1,000
Voltaren MAX ¿el 0,0232 g/g  50g;1,000
AquaControl kaps. 30 kaps.;1,000
Witamina C500 + D2000 10kaps;2,000
Woda morska spray d/nosa BIOLANE 30ml;1,000
Seniorin kaps. 60 kaps.;1,000
Magnez + Potas + B6 BIOLANE 60kaps.;1,000
Witamina C500 + D2000 10kaps;1,000
Cynk + Selen kaps. BIOLANE 30kaps.;1,000
Spray do higieny uszu Biolane 30 ml;1,000
Elektrolity Biolane Tabletki musuj¹ce o sm;1,000
Witaminy i minera³y Biolane 60+15kaps.;1,000
Gard³o Kaszel 24pastylki zio³owe do ssania;1,000
CholesteMax kaps. 30kaps.;1,000
RutinoMAX tabl. 150tabl.;1,000
WitaC Complex 1000 mg kaps. 60 kaps.;1,000
Luteinol 50kaps.;1,000
SyliveranExtra kaps. 30 kaps.;1,000
Syliveran 30 kaps.;1,000
Elektrolity Biolane Tabletki musuj¹ce o sm;1,000
Witamina D3 + olej z krokosza 60kaps;1,000
Ginkgo Biloba Memory tabl.powl. 60 tabl.;1,000
Elektrolity Biolane Tabletki musuj¹ce o sm;2,000
Witaminy i minera³y Biolane 60+15kaps.;1,000
Probiomix kaps. 20 kaps.;1,000
Collagen Biolane Max 60kaps.;1,000
Collagen Biolane Max 60kaps.;1,000
Voltaren MAX ¿el 0,0232 g/g 180g;1,000
Magnez + Potas + B6 BIOLANE 60kaps.;1,000
Woda morska spray d/nosa BIOLANE 30ml;1,000
Premium Omega 3 kaps. 60 kaps.;1,000
Syliveran 30 kaps.;1,000
Esseliveran kaps. 60 kaps.;1,000
Magnez + B6 * BIOLANE tabl. 60tabl.;1,000
AquaControl kaps. 30 kaps.;1,000
Magnez + Potas + B6 BIOLANE 60kaps.;1,000
Syliveran 30 kaps.;1,000
Magnez + B6 * BIOLANE tabl. 60tabl.;1,000
IBSControl kaps. 30 kaps. WORLDPHARM;1,000
RaphaControl kaps. 30 kaps.;1,000
Bactiflor LGG Baby krople BIOLANE 10ml;1,000
Esseliveran kaps. 60 kaps.;1,000
Witamina B Complex Worldpharm 30kaps.;1,000
Syliveran 30 kaps.;1,000
Luteinol 50kaps.;1,000
MegaSen kaps.elast. 10 kaps.;2,000
Magnez + B6 * BIOLANE tabl. 60tabl.;1,000
Tymianek i Podbia³ plus 20 zió³ 24past.;1,000
Porost Islandzki pastyl.do ssania ;1,000
Magnez + B6 * BIOLANE tabl. 60tabl.;1,000
Magnez + B6 * BIOLANE tabl. 60tabl.;1,000
RutinoMAX tabl. 150tabl.;2,000
Ginkgo Biloba Memory tabl.powl. 60 tabl.;1,000
Omega  D+K kaps. BIOLANE 30 kaps.;1,000
WitaC Complex 1000 mg kaps. 60 kaps.;1,000
Magnez + B6 * BIOLANE tabl. 60tabl.;1,000
Voltaren MAX ¿el 0,0232 g/g 100g;1,000
Entero Protectin kaps. 20 kaps.;1,000
Witamina C500 + D2000 10kaps;1,000
Esseliveran kaps. 60 kaps.;1,000
Woda morska spray d/nosa BIOLANE 30ml;1,000
WitaC Complex 1000 mg kaps. 60 kaps.;1,000
Porost Islandzki pastyl.do ssania ;1,000
Biotran + wit D3 kaps. 60 kaps.;1,000
Witamina D3 + olej z krokosza 60kaps;1,000
Cynk + Selen kaps. BIOLANE 30kaps.;1,000
Witamina D3 + olej z krokosza 60kaps;1,000
Gard³o Kaszel 24pastylki zio³owe do ssania;1,000
RutinoMAX tabl. 150tabl.;1,000
Biotran + wit D3 kaps. 60 kaps.;1,000
Witamina D3 + olej z krokosza 60kaps;1,000
Ginkgo Biloba Memory tabl.powl. 60 tabl.;1,000
Porost Islandzki pastyl.do ssania ;1,000
WitaC Complex 1000 mg kaps. 60 kaps.;1,000
Witamina A+E kaps. WorldPharm 30kaps.;1,000
RutinoMAX tabl. 150tabl.;0,200
Magnez + B6 * BIOLANE tabl. 60tabl.;1,000
Witamina D3 + olej z krokosza 60kaps;1,000
Premium Omega 3 kaps. 60 kaps.;2,000
Premium Omega 3 kaps. 60 kaps.;1,000
Witamina D3 + olej z krokosza 60kaps;1,000
Witamina B Complex Worldpharm 30kaps.;1,000
Witamina A+E kaps. WorldPharm 30kaps.;1,000
RutinoMAX tabl. 150tabl.;1,000
RutinoMAX tabl. 150tabl.;1,000
Witamina B Complex Worldpharm 30kaps.;1,000
Ginkgo Biloba Memory tabl.powl. 60 tabl.;1,000
Witamina D3 + olej z krokosza 60kaps;1,000
Beauty Maximizer kaps. 30 kaps.;1,000
Witamina C500 + D2000 10kaps;1,000
Magnez + Potas + B6 BIOLANE 60kaps.;1,000
Witamina D3 + olej z krokosza 60kaps;1,000
Venomix kaps. 30 kaps.;1,000
MegaSen kaps.elast. 10 kaps.;1,000
MegaSen kaps.elast. 10 kaps.;1,000
Bactiflor LGG Baby krople BIOLANE 10ml;1,000
Elektrolity Biolane Tabletki musuj¹ce o sm;1,000
Probiomix kaps. 20 kaps.;1,000
Probiomix kaps. 20 kaps.;1,000
Probiomix kaps. 20 kaps.;1,000
MegaSen kaps.elast. 10 kaps.;1,000
Maxigra Go tabl.dorozgr.i¿ucia 0,025g 4tab;1,000
Gard³o Kaszel 24pastylki zio³owe do ssania;1,000
Witamina D3 + olej z krokosza 60kaps;1,000
Maxigra Go tabl.dorozgr.i¿ucia 0,025g 4tab;1,000
WitaC Complex 1000 mg kaps. 60 kaps.;1,000
Witaminy i minera³y Biolane 60+15kaps.;1,000
Maxigra Go tabl.dorozgr.i¿ucia 0,025g 4tab;1,000
Venomix kaps. 30 kaps.;1,000
Magnez + B6 + D 2000 IU kaps. 30kaps.;1,000
Esseliveran kaps. 60 kaps.;1,000
RutinoMAX tabl. 150tabl.;1,000
Voltaren MAX ¿el 0,0232 g/g 100g;1,000
Entero Protectin kaps. 20 kaps.;1,000
Cynk + Selen kaps. BIOLANE 30kaps.;1,000
Maxigra Go tabl.dorozgr.i¿ucia 0,025g 4tab;1,000
Magnez + Potas + B6 BIOLANE 60kaps.;1,000
RutinoMAX tabl. 150tabl.;1,000
Probiotol kaps. 20 kaps.;1,000
Witamina C500 + D2000 10kaps;1,000
Cynk + Selen kaps. BIOLANE 30kaps.;1,000
Magnez + B6 * BIOLANE tabl. 60tabl.;1,000
Cynk + Selen kaps. BIOLANE 30kaps.;1,000
RutinoMAX tabl. 150tabl.;1,000
WitaC Complex 1000 mg kaps. 60 kaps.;1,000
Woda morska spray d/nosa BIOLANE 30ml;1,000
Magnez + B6 * BIOLANE tabl. 60tabl.;1,000
AquaControl kaps. 30 kaps.;1,000
Voltaren MAX ¿el 0,0232 g/g  50g;1,000
Aspicam Bio tabl. 7,5 mg 20 tabl.;1,000
Antystresan kaps. 30 kaps.;1,000
Maxigra Go tabl.dorozgr.i¿ucia 0,025g 4tab;1,000
Magnez + B6 * BIOLANE tabl. 60tabl.;2,000
Witamina C500 + D2000 10kaps;1,000
Witaminy i minera³y Biolane 60+15kaps.;1,000
Maxigra Go tabl.dorozgr.i¿ucia 0,025g 4tab;1,000
Maxigra Go tabl.dorozgr.i¿ucia 0,025g 4tab;1,000
Maxigra Go tabl.dorozgr.i¿ucia 0,025g 4tab;1,000
Woda morska spray d/nosa BIOLANE 30ml;1,000
Traviron 30kaps.;1,000
Maxigra Go tabl.dorozgr.i¿ucia 0,025g 4tab;1,000
Syliveran 30 kaps.;1,000
Witamina C500 + D2000 10kaps;1,000
Entero Protectin kaps. 20 kaps.;1,000
Gard³o Kaszel 24pastylki zio³owe do ssania;1,000
Voltaren MAX ¿el 0,0232 g/g 100g;1,000
Entero Protectin kaps. 20 kaps.;1,000
Bactiflor LGG Baby krople BIOLANE 10ml;1,000
RutinoMAX tabl. 150tabl.;1,000
Spray do higieny uszu Biolane 30 ml;1,000
Voltaren MAX ¿el 0,0232 g/g 100g;1,000
VitaMin Extra tabl.powl. 40 tabl.;1,000
MegaSleep kaps. 30kaps.;1,000
Voltaren MAX ¿el 0,0232 g/g  50g;1,000
Antystresan kaps. 30 kaps.;1,000
RutinoMAX tabl. 150tabl.;0,400
ImmunoMax kaps. 30kaps.;1,000
Cynk + Selen kaps. BIOLANE 30kaps.;1,000
